second,rps,p99_latency,error_rate,cpu_percent,phase,is_transition,scenario,scenario_label,is_spike,period
0,209.14151239263293,136.73132099141063,0.021493706904788575,4.1828302478526584,low,True,periodic,periodic,False,166
1,168.80047681278512,133.5040381450228,0.019276700659180343,3.3760095362557023,low,False,periodic,periodic,False,166
2,222.5135358741937,137.8010828699355,0.022228587880175572,4.450270717483875,low,False,periodic,periodic,False,166
3,228.2169414917364,138.2573553193389,0.022542027674012838,4.564338829834728,low,False,periodic,periodic,False,166
4,141.4689443403849,131.31751554723078,0.017774652500961396,2.8293788868076977,low,False,periodic,periodic,False,166
5,160.93461479413045,132.87476918353045,0.01884441960908352,3.218692295882609,low,False,periodic,periodic,False,166
6,203.83521209501856,136.3068169676015,0.021202090670059077,4.076704241900371,low,False,periodic,periodic,False,166
7,190.51272222969254,135.2410177783754,0.02046993189391614,3.810254444593851,low,False,periodic,periodic,False,166
8,199.49596527487134,135.9596772219897,0.020963620408618697,3.989919305497427,low,False,periodic,periodic,False,166
9,174.4086821727926,133.9526945738234,0.01958490857033276,3.488173643455852,low,False,periodic,periodic,False,166
10,226.38193924588487,138.1105551396708,0.02244118218551005,4.527638784917698,low,False,periodic,periodic,False,166
11,223.33375806286844,137.86670064502948,0.022273664504732695,4.466675161257369,low,False,periodic,periodic,False,166
12,201.9809209268365,136.15847367414693,0.02110018512792447,4.03961841853673,low,False,periodic,periodic,False,166
13,233.81723620904097,138.7053788967233,0.022849800843120903,4.676344724180819,low,False,periodic,periodic,False,166
14,214.02528026756136,137.12202242140492,0.021762102193238382,4.280505605351228,low,False,periodic,periodic,False,166
15,174.22122611350284,133.93769808908021,0.019574606622248164,3.4844245222700567,low,False,periodic,periodic,False,166
16,211.06252352247498,136.885001881798,0.021599279149316433,4.221250470449499,low,False,periodic,periodic,False,166
17,171.23352197513003,133.6986817580104,0.01941041255435688,3.424670439502601,low,False,periodic,periodic,False,166
18,226.35350903921818,138.10828072313745,0.022439619757951165,4.527070180784364,low,False,periodic,periodic,False,166
19,198.5022226704124,135.880177813633,0.020909007691593824,3.970044453408248,low,False,periodic,periodic,False,166
20,194.4541290936422,135.55633032749137,0.020686538223135528,3.8890825818728434,low,False,periodic,periodic,False,166
21,179.57211366788175,134.36576909343054,0.01986867322111186,3.5914422733576346,low,False,periodic,periodic,False,166
22,236.6762401602209,138.93409921281767,0.023006921986018655,4.733524803204419,low,False,periodic,periodic,False,166
23,195.36411553793593,135.62912924303487,0.020736547986182508,3.9072823107587187,low,False,periodic,periodic,False,166
24,187.15016533510678,134.97201322680854,0.020285137192209632,3.7430033067021355,low,False,periodic,periodic,False,166
25,189.43599348535312,135.15487947882826,0.02041075854061187,3.7887198697070628,low,False,periodic,periodic,False,166
26,215.96927556660046,137.27754204532803,0.021868937569610218,4.319385511332009,low,False,periodic,periodic,False,166
27,210.96332193092235,136.8770657544738,0.02159382736690963,4.2192664386184475,low,False,periodic,periodic,False,166
28,212.38197834787965,136.99055826783038,0.02167179190330685,4.247639566957593,low,False,periodic,periodic,False,166
29,212.9246300902365,137.03397040721893,0.02170161419925694,4.258492601804729,low,False,periodic,periodic,False,166
30,264.24942802611383,141.13995424208912,0.024522250703572716,5.284988560522277,low,False,periodic,periodic,False,166
31,187.80754950846153,135.02460396067693,0.0203212647927321,3.7561509901692305,low,False,periodic,periodic,False,166
32,184.63271812785388,134.77061745022831,0.02014678684742431,3.6926543625570774,low,False,periodic,periodic,False,166
33,175.58681815256367,134.04694545220508,0.019649654920737135,3.511736363051273,low,False,periodic,periodic,False,166
34,218.47938267726488,137.47835061418118,0.022006884527627047,4.369587653545297,low,False,periodic,periodic,False,166
35,233.86916878162674,138.70953350253015,0.022852654880854893,4.677383375632535,low,False,periodic,periodic,False,166
36,196.58157627035374,135.7265261016283,0.02080345549137559,3.9316315254070746,low,False,periodic,periodic,False,166
37,174.79530569112416,133.98362445528994,0.0196061560852396,3.4959061138224836,low,False,periodic,periodic,False,166
38,175.2655635292628,134.021245082341,0.01963199985819223,3.5053112705852563,low,False,periodic,periodic,False,166
39,219.51778363474102,137.5614226907793,0.0220639515159946,4.39035567269482,low,False,periodic,periodic,False,166
40,222.29762513610328,137.78381001088826,0.022216722159626758,4.445952502722066,low,False,periodic,periodic,False,166
41,216.29462804915585,137.30357024393248,0.02188681783657614,4.3258925609831165,low,False,periodic,periodic,False,166
42,180.03470878133916,134.40277670250714,0.019894095876752248,3.600694175626783,low,False,periodic,periodic,False,166
43,206.9648396920016,136.55718717536013,0.021374084369011254,4.139296793840032,low,False,periodic,periodic,False,166
44,203.50057427422183,136.28004594193774,0.021183700112452925,4.070011485484437,low,False,periodic,periodic,False,166
45,206.5606579018704,136.52485263214965,0.021351871911145404,4.131213158037408,low,False,periodic,periodic,False,166
46,226.1428633384457,138.09142906707567,0.022428043385963915,4.522857266768914,low,False,periodic,periodic,False,166
47,206.70786646324046,136.53662931705924,0.02135996199349638,4.134157329264809,low,False,periodic,periodic,False,166
48,220.36740689215685,137.62939255137255,0.022110643923391446,4.407348137843137,low,False,periodic,periodic,False,166
49,202.02737208466675,136.16218976677334,0.02110273792572813,4.040547441693335,low,False,periodic,periodic,False,166
50,208.67358196069952,136.69388655685597,0.021467991038172977,4.17347163921399,low,False,periodic,periodic,False,166
51,218.9386467751562,137.5150917420125,0.02203212412196997,4.3787729355031235,low,False,periodic,periodic,False,166
52,156.28532540433002,132.5028260323464,0.018588910461470643,3.1257065080866,low,False,periodic,periodic,False,166
53,190.40986350928097,135.23278908074246,0.02046427912813336,3.8081972701856195,low,False,periodic,periodic,False,166
54,185.88882037121613,134.8711056296973,0.02021581795876365,3.7177764074243225,low,False,periodic,periodic,False,166
55,180.83366455269973,134.46669316421597,0.019938003771272333,3.6166732910539947,low,False,periodic,periodic,False,166
56,191.7457324631995,135.33965859705597,0.02053769394685534,3.8349146492639896,low,False,periodic,periodic,False,166
57,244.84823933703188,139.58785914696256,0.02345602729414182,4.896964786740638,low,False,periodic,periodic,False,166
58,174.02506652920272,133.92200532233622,0.019563826358001635,3.480501330584054,low,False,periodic,periodic,False,166
59,229.04835063774442,138.32386805101956,0.022587719095734204,4.580967012754888,low,False,periodic,periodic,False,166
60,149.51390685152586,131.96111254812206,0.018216776305581654,2.990278137030517,low,False,periodic,periodic,False,166
61,189.95344910042675,135.19627592803414,0.020439196143017306,3.7990689820085346,low,False,periodic,periodic,False,166
62,204.88259195315015,136.39060735625202,0.021259651108298347,4.097651839063003,low,False,periodic,periodic,False,166
63,217.58666994077834,137.40693359526227,0.021957824068868932,4.351733398815567,low,False,periodic,periodic,False,166
64,221.33679739378564,137.70694379150285,0.022163918331587797,4.426735947875713,low,False,periodic,periodic,False,166
65,223.80041705599774,137.90403336447983,0.022299310497391686,4.476008341119955,low,False,periodic,periodic,False,166
66,189.53824783254686,135.16305982660376,0.020416378092096125,3.790764956650937,low,False,periodic,periodic,False,166
67,186.129446220063,134.89035569760503,0.020229041937823197,3.72258892440126,low,False,periodic,periodic,False,166
68,225.7392764377146,138.05914211501718,0.0224058636211982,4.514785528754292,low,False,periodic,periodic,False,166
69,194.26087025355156,135.54086962028413,0.02067591737393467,3.8852174050710313,low,False,periodic,periodic,False,166
70,161.72941029986234,132.938352823989,0.018888098869540314,3.2345882059972473,low,False,periodic,periodic,False,166
71,166.0013835798956,133.28011068639165,0.019122872005796546,3.3200276715979116,low,False,periodic,periodic,False,166
72,172.41643141995166,133.79331451359613,0.019475421238181266,3.4483286283990333,low,False,periodic,periodic,False,166
73,214.91482232161292,137.19318578572904,0.021810988402063143,4.298296446432259,low,False,periodic,periodic,False,166
74,204.27277208211694,136.34182176656935,0.02122613748021856,4.085455441642339,low,False,periodic,periodic,False,166
75,220.71456062203305,137.65716484976264,0.022129722312834332,4.414291212440661,low,False,periodic,periodic,False,166
76,187.18242060990397,134.9745936487923,0.02028690983251624,3.743648412198079,low,False,periodic,periodic,False,166
77,204.75619073230143,136.38049525858412,0.021252704526683715,4.095123814646029,low,False,periodic,periodic,False,166
78,218.7677118190201,137.5014169455216,0.022022730117579666,4.375354236380402,low,False,periodic,periodic,False,166
79,190.71960380839283,135.25756830467142,0.02048130140254395,3.8143920761678567,low,False,periodic,periodic,False,166
80,213.70325712672235,137.0962605701378,0.021744404895580827,4.274065142534448,low,False,periodic,periodic,False,166
81,180.14222176800047,134.41137774144005,0.019900004425193952,3.6028444353600095,low,False,periodic,periodic,False,166
82,189.10838460304785,135.12867076824384,0.02039275426958244,3.7821676920609573,low,False,periodic,periodic,False,166
83,556.2499368539405,164.49999494831525,0.04056960651601156,11.12499873707881,high,True,periodic,periodic,False,166
84,468.9114086369046,157.51291269095236,0.03576977776208323,9.378228172738092,high,False,periodic,periodic,False,166
85,649.4469916843066,171.95575933474453,0.045691399986639014,12.98893983368613,high,False,periodic,periodic,False,166
86,546.8451128334874,163.747609026679,0.040052749343346246,10.936902256669748,high,False,periodic,periodic,False,166
87,598.5439666852884,167.88351733482307,0.04289394268984245,11.970879333705769,high,False,periodic,periodic,False,166
88,648.7790725711865,171.90232580569491,0.04565469342162242,12.975581451423729,high,False,periodic,periodic,False,166
89,645.1083644431386,171.60866915545108,0.04545296377515414,12.902167288862772,high,False,periodic,periodic,False,166
90,668.5874693098083,173.48699754478466,0.04674329560185371,13.371749386196166,high,False,periodic,periodic,False,166
91,586.6378441522013,166.9310275321761,0.04223962264977841,11.732756883044026,high,False,periodic,periodic,False,166
92,551.7912488126551,164.1432999050124,0.040324572170892116,11.035824976253101,high,False,periodic,periodic,False,166
93,588.6512362766279,167.09209890213023,0.04235027183987857,11.773024725532558,high,False,periodic,periodic,False,166
94,416.1828260504954,153.29462608403963,0.03287199402312203,8.323656521009907,high,False,periodic,periodic,False,166
95,441.95433744311475,155.35634699544917,0.03428830872340063,8.839086748862295,high,False,periodic,periodic,False,166
96,455.30160769334987,156.424128615468,0.03502182934529994,9.106032153866996,high,False,periodic,periodic,False,166
97,490.21685897356855,159.2173487178855,0.03694065292140799,9.804337179471371,high,False,periodic,periodic,False,166
98,640.0921817259664,171.20737453807732,0.04517729141689078,12.801843634519328,high,False,periodic,periodic,False,166
99,500.06189634102446,160.00495170728198,0.0374817027238776,10.001237926820489,high,False,periodic,periodic,False,166
100,556.63350675694,164.5306805405552,0.04059068621459525,11.132670135138802,high,False,periodic,periodic,False,166
101,736.5874842012837,178.9269987361027,0.05048034537137335,14.731749684025674,high,False,periodic,periodic,False,166
102,558.98283226029,164.7186265808232,0.0407197971617742,11.1796566452058,high,False,periodic,periodic,False,166
103,676.3257749448733,174.10606199558987,0.04716856658651665,13.526515498897465,high,False,periodic,periodic,False,166
104,497.04312619569004,159.7634500956552,0.03731580137379909,9.9408625239138,high,False,periodic,periodic,False,166
105,575.163803396713,166.01310427173703,0.041609048356093484,11.503276067934259,high,False,periodic,periodic,False,166
106,495.28323075590197,159.62265846047217,0.03721908350016134,9.90566461511804,high,False,periodic,periodic,False,166
107,560.8313985117093,164.86651188093674,0.040821388081935514,11.216627970234185,high,False,periodic,periodic,False,166
108,687.3535754252429,174.98828603401944,0.04777461703090618,13.747071508504858,high,False,periodic,periodic,False,166
109,411.89304600493745,152.951443680395,0.03263624228753598,8.23786092009875,high,False,periodic,periodic,False,166
110,643.8094431898262,171.5047554551861,0.04538157947651741,12.876188863796523,high,False,periodic,periodic,False,166
111,622.7083412650115,169.81666730120094,0.04422193461157747,12.45416682530023,high,False,periodic,periodic,False,166
112,533.4619293253471,162.67695434602777,0.03931725505081773,10.669238586506943,high,False,periodic,periodic,False,166
113,442.06747905814746,155.3653983246518,0.0342945266021328,8.84134958116295,high,False,periodic,periodic,False,166
114,604.9417751822319,168.39534201457855,0.043245544506505154,12.09883550364464,high,False,periodic,periodic,False,166
115,540.3984931497798,163.2318794519824,0.03969846502970854,10.807969862995597,high,False,periodic,periodic,False,166
116,622.1655592837758,169.77324474270205,0.04419210515814112,12.443311185675515,high,False,periodic,periodic,False,166
117,599.5479152528476,167.9638332202278,0.04294911629192172,11.990958305056951,high,False,periodic,periodic,False,166
118,769.0457407999126,181.523659263993,0.05226414086810229,15.380914815998251,high,False,periodic,periodic,False,166
119,571.5250023825771,165.72200019060617,0.041409072216192534,11.430500047651542,high,False,periodic,periodic,False,166
120,487.40063306185806,158.99205064494865,0.03678588271420922,9.748012661237162,high,False,periodic,periodic,False,166
121,616.4366344418091,169.31493075534473,0.04387726291443816,12.328732688836183,high,False,periodic,periodic,False,166
122,620.8052732286855,169.66442185829484,0.04411734845850261,12.41610546457371,high,False,periodic,periodic,False,166
123,743.0200401263746,179.44160321010997,0.050833856788623004,14.860400802527494,high,False,periodic,periodic,False,166
124,686.7960420975398,174.9436833678032,0.04774397689358978,13.735920841950797,high,False,periodic,periodic,False,166
125,635.4894407240781,170.83915525792625,0.044924340410516496,12.709788814481563,high,False,periodic,periodic,False,166
126,754.1897476533524,180.3351798122682,0.05144770596212556,15.083794953067049,high,False,periodic,periodic,False,166
127,469.6706000583391,157.57364800466712,0.03581150034304179,9.393412001166784,high,False,periodic,periodic,False,166
128,528.5696973452555,162.28557578762044,0.0390483946039073,10.57139394690511,high,False,periodic,periodic,False,166
129,497.798578551113,159.82388628408904,0.037357318468394164,9.95597157102226,high,False,periodic,periodic,False,166
130,555.383965660125,164.43071725280998,0.04052201568157684,11.1076793132025,high,False,periodic,periodic,False,166
131,449.50981997288534,155.96078559783084,0.03470353237138881,8.990196399457705,high,False,periodic,periodic,False,166
132,665.3438855444758,173.22751084355806,0.04656503925908675,13.306877710889516,high,False,periodic,periodic,False,166
133,573.3630587680451,165.8690447014436,0.04151008554983135,11.467261175360902,high,False,periodic,periodic,False,166
134,439.41241495710784,155.15299319656862,0.03414861330045654,8.788248299142158,high,False,periodic,periodic,False,166
135,488.25013669871015,159.0600109358968,0.036832568547666325,9.765002733974203,high,False,periodic,periodic,False,166
136,630.8379889245784,170.46703911396628,0.044668712424213934,12.616759778491568,high,False,periodic,periodic,False,166
137,687.1195321076054,174.96956256860844,0.04776175480539593,13.742390642152108,high,False,periodic,periodic,False,166
138,811.4170124024681,184.91336099219745,0.05459272198722841,16.22834024804936,high,False,periodic,periodic,False,166
139,909.8087941737022,192.78470353389616,0.060000000000000005,18.19617588347404,high,False,periodic,periodic,False,166
140,641.6622771077235,171.3329821686179,0.0452635785242375,12.83324554215447,high,False,periodic,periodic,False,166
141,491.0438651460408,159.28350921168328,0.03698610237066416,9.820877302920817,high,False,periodic,periodic,False,166
142,368.4732146880754,149.47785717504604,0.030250035889284113,7.369464293761509,high,False,periodic,periodic,False,166
143,625.9242138390895,170.07393710712716,0.04439866804142954,12.518484276781788,high,False,periodic,periodic,False,166
144,509.9895610575771,160.79916488460617,0.03802729344470422,10.199791221151541,high,False,periodic,periodic,False,166
145,552.6431813640623,164.211454509125,0.04037139148924026,11.052863627281246,high,False,periodic,periodic,False,166
146,531.5365546625306,162.52292437300247,0.03921144300134391,10.630731093250613,high,False,periodic,periodic,False,166
147,582.0992326936648,166.56793861549318,0.04199019598520882,11.641984653873298,high,False,periodic,periodic,False,166
148,711.5641467114604,176.92513173691682,0.049105147766664005,14.231282934229206,high,False,periodic,periodic,False,166
149,614.0520684349239,169.12416547479393,0.043746215268924304,12.281041368698476,high,False,periodic,periodic,False,166
150,580.1848965779591,166.41479172623673,0.04188499057677768,11.603697931559182,high,False,periodic,periodic,False,166
151,486.0964841974667,158.88771873579734,0.036714211123829846,9.721929683949334,high,False,periodic,periodic,False,166
152,417.5401041167941,153.40320832934353,0.03294658541391702,8.350802082335882,high,False,periodic,periodic,False,166
153,545.0314482627558,163.60251586102046,0.03995307650096739,10.900628965255116,high,False,periodic,periodic,False,166
154,591.4336678043873,167.314693424351,0.04250318482256118,11.828673356087744,high,False,periodic,periodic,False,166
155,786.8707678527346,182.94966142821877,0.05324374378945078,15.737415357054694,high,False,periodic,periodic,False,166
156,611.1796931267014,168.89437545013612,0.04358835928167639,12.223593862534027,high,False,periodic,periodic,False,166
157,702.6339092592497,176.21071274073998,0.04861437225924977,14.052678185184995,high,False,periodic,periodic,False,166
158,543.6381019388248,163.491048155106,0.03987650292128483,10.872762038776496,high,False,periodic,periodic,False,166
159,470.08034120418506,157.6064272963348,0.035834018324208274,9.401606824083702,high,False,periodic,periodic,False,166
160,493.6638391764389,159.49310713411512,0.037130087241286205,9.873276783528778,high,False,periodic,periodic,False,166
161,519.3998118958712,161.55198495166968,0.03854444885683895,10.387996237917422,high,False,periodic,periodic,False,166
162,825.5502290882979,186.04401832706384,0.055369435554756936,16.51100458176596,high,False,periodic,periodic,False,166
163,509.0835012590982,160.72668010072786,0.03797749947676936,10.181670025181964,high,False,periodic,periodic,False,166
164,687.1584364345571,174.97267491476458,0.04776389285501695,13.74316872869114,high,False,periodic,periodic,False,166
165,500.33566703956666,160.02685336316534,0.03749674823125758,10.006713340791332,high,False,periodic,periodic,False,166
166,227.94719038622733,138.23577523089818,0.022527203069808273,4.558943807724547,low,True,periodic,periodic,False,166
167,211.54852898317588,136.92388231865408,0.021625988358098168,4.230970579663518,low,False,periodic,periodic,False,166
168,195.3008630702573,135.6240690456206,0.020733071845476694,3.906017261405146,low,False,periodic,periodic,False,166
169,198.777124215937,135.90216993727495,0.020924115346481593,3.97554248431874,low,False,periodic,periodic,False,166
170,180.3563691371183,134.42850953096945,0.019911773236975572,3.607127382742366,low,False,periodic,periodic,False,166
171,213.38216604446242,137.070573283557,0.021726758820695857,4.267643320889249,low,False,periodic,periodic,False,166
172,186.35049558977659,134.90803964718214,0.020241190060106093,3.727009911795532,low,False,periodic,periodic,False,166
173,163.23182708698255,133.0585461669586,0.01897066659128259,3.264636541739651,low,False,periodic,periodic,False,166
174,161.66187277041143,132.93294982163292,0.018884387236399184,3.2332374554082284,low,False,periodic,periodic,False,166
175,205.17763753166358,136.41421100253308,0.021275865810794235,4.103552750633272,low,False,periodic,periodic,False,166
176,247.37273769231305,139.78981901538504,0.02359476514606454,4.9474547538462605,low,False,periodic,periodic,False,166
177,204.79974840720314,136.38397987257625,0.02125509830849703,4.095994968144063,low,False,periodic,periodic,False,166
178,196.44085021670352,135.71526801733629,0.020795721665622782,3.9288170043340704,low,False,periodic,periodic,False,166
179,208.57478418807628,136.6859827350461,0.021462561448282444,4.171495683761525,low,False,periodic,periodic,False,166
180,239.18005225120476,139.1344041800964,0.02314452299114291,4.7836010450240956,low,False,periodic,periodic,False,166
181,206.58147504091568,136.52651800327325,0.02135301595037533,4.131629500818314,low,False,periodic,periodic,False,166
182,187.67218307498788,135.01377464599904,0.0203138255134934,3.753443661499758,low,False,periodic,periodic,False,166
183,233.18866130179666,138.65509290414374,0.02281525650197639,4.663773226035933,low,False,periodic,periodic,False,166
184,212.8626931538484,137.02901545230787,0.021698210355680973,4.257253863076968,low,False,periodic,periodic,False,166
185,246.07267975987975,139.6858143807904,0.02352331837940551,4.921453595197595,low,False,periodic,periodic,False,166
186,205.49703311665718,136.43976264933258,0.02129341870691038,4.109940662333143,low,False,periodic,periodic,False,166
187,163.26592904838498,133.0612743238708,0.018972540719210392,3.2653185809676994,low,False,periodic,periodic,False,166
188,158.95522402263003,132.7164179218104,0.018735639017811147,3.1791044804526005,low,False,periodic,periodic,False,166
189,249.52783796693748,139.962227037355,0.02371320213460683,4.99055675933875,low,False,periodic,periodic,False,166
190,251.70997162349892,140.1367977298799,0.023833124785966955,5.034199432469978,low,False,periodic,periodic,False,166
191,194.614423601522,135.56915388812175,0.020695347464643542,3.89228847203044,low,False,periodic,periodic,False,166
192,188.50438036592035,135.08035042927364,0.020359560248981876,3.7700876073184073,low,False,periodic,periodic,False,166
193,243.84332876726606,139.50746630138127,0.02340080082368995,4.876866575345321,low,False,periodic,periodic,False,166
194,166.78862953869537,133.34309036309563,0.019166136368805632,3.3357725907739075,low,False,periodic,periodic,False,166
195,173.1581894313252,133.852655154506,0.019516185738157728,3.463163788626504,low,False,periodic,periodic,False,166
196,219.29980384067133,137.5439843072537,0.022051972087159352,4.385996076813427,low,False,periodic,periodic,False,166
197,188.1618463142123,135.05294770513697,0.020340735741354473,3.763236926284246,low,False,periodic,periodic,False,166
198,199.84634399839786,135.98770751987183,0.020982876032754796,3.996926879967957,low,False,periodic,periodic,False,166
199,195.09671304426462,135.60773704354116,0.02072185245370449,3.9019342608852927,low,False,periodic,periodic,False,166
200,210.12723646396802,136.81017891711744,0.021547878950478147,4.20254472927936,low,False,periodic,periodic,False,166
201,242.22445583941152,139.37795646715293,0.023311833068144956,4.84448911678823,low,False,periodic,periodic,False,166
202,202.71754720705238,136.2174037765642,0.021140667605392988,4.0543509441410475,low,False,periodic,periodic,False,166
203,219.31816379830573,137.54545310386447,0.022052981088047888,4.386363275966114,low,False,periodic,periodic,False,166
204,138.49483696906933,131.07958695752555,0.017611205665188794,2.7698967393813865,low,False,periodic,periodic,False,166
205,198.53844794209647,135.88307583536772,0.02091099850944017,3.9707689588419295,low,False,periodic,periodic,False,166
206,174.70309189121386,133.9762473512971,0.019601088328118493,3.494061837824277,low,False,periodic,periodic,False,166
207,163.43560818729117,133.0748486549833,0.018981865708152728,3.268712163745823,low,False,periodic,periodic,False,166
208,173.65542899213747,133.892434319371,0.019543512334910612,3.4731085798427492,low,False,periodic,periodic,False,166
209,189.97629677897564,135.19810374231804,0.02044045177379903,3.7995259355795126,low,False,periodic,periodic,False,166
210,227.47707627068039,138.19816610165444,0.022501367195360947,4.549541525413607,low,False,periodic,periodic,False,166
211,160.20821846781308,132.81665747742505,0.01880449933512216,3.204164369356262,low,False,periodic,periodic,False,166
212,200.91894477783254,136.0735155822266,0.021041822527133804,4.01837889555665,low,False,periodic,periodic,False,166
213,185.47491699999264,134.83799335999942,0.020193071235832742,3.7094983399998527,low,False,periodic,periodic,False,166
214,190.16980716914117,135.2135845735313,0.02045108644733729,3.8033961433828236,low,False,periodic,periodic,False,166
215,230.08273475913813,138.40661878073104,0.022644565332438985,4.601654695182763,low,False,periodic,periodic,False,166
216,216.14346311011778,137.2914770488094,0.021878510325151427,4.322869262202356,low,False,periodic,periodic,False,166
217,240.1219432232823,139.20975545786257,0.02319628611863241,4.802438864465646,low,False,periodic,periodic,False,166
218,195.36482962250298,135.62918636980024,0.020736587229844013,3.9072965924500593,low,False,periodic,periodic,False,166
219,179.1217216498789,134.32973773199032,0.01984392120613426,3.5824344329975784,low,False,periodic,periodic,False,166
220,193.28423549358502,135.4627388394868,0.020622244845914454,3.8656847098717,low,False,periodic,periodic,False,166
221,207.27490373813666,136.58199229905094,0.021391124435458216,4.145498074762733,low,False,periodic,periodic,False,166
222,205.29720075361132,136.4237760602889,0.02128243659922327,4.105944015072226,low,False,periodic,periodic,False,166
223,167.468357832999,133.39746862663992,0.019203491926295103,3.3493671566599796,low,False,periodic,periodic,False,166
224,202.71469344883621,136.2171754759069,0.02114051077253786,4.054293868976725,low,False,periodic,periodic,False,166
225,206.84684990416716,136.54774799233337,0.02136760005117491,4.1369369980833435,low,False,periodic,periodic,False,166
226,275.5242211260176,142.0419376900814,0.025141875023105904,5.510484422520352,low,False,periodic,periodic,False,166
227,256.3053383384501,140.504427067076,0.024085670526587364,5.126106766769002,low,False,periodic,periodic,False,166
228,174.4026994832354,133.95221595865883,0.019584579782042543,3.4880539896647087,low,False,periodic,periodic,False,166
229,191.37849915352473,135.310279932282,0.020517512051932665,3.827569983070495,low,False,periodic,periodic,False,166
230,156.09673994488992,132.4877391955912,0.018578546445391232,3.1219347988977986,low,False,periodic,periodic,False,166
231,182.2787895810954,134.58230316648763,0.020017422932619756,3.6455757916219076,low,False,periodic,periodic,False,166
232,209.46815010771022,136.7574520086168,0.021511657803766966,4.189363002154204,low,False,periodic,periodic,False,166
233,236.175608626647,138.89404869013177,0.022979408977967956,4.72351217253294,low,False,periodic,periodic,False,166
234,178.12748486769175,134.25019878941535,0.019789281330780555,3.562549697353835,low,False,periodic,periodic,False,166
235,180.3756067979661,134.4300485438373,0.019912830473450476,3.607512135959322,low,False,periodic,periodic,False,166
236,135.58132910784036,130.84650632862724,0.017451089172586903,2.711626582156807,low,False,periodic,periodic,False,166
237,195.12002238365278,135.6096017906922,0.020723133455797314,3.902400447673056,low,False,periodic,periodic,False,166
238,168.12756764421312,133.45020541153704,0.01923971985767121,3.3625513528842625,low,False,periodic,periodic,False,166
239,184.1168171790178,134.7293453743214,0.02011843468419288,3.6823363435803556,low,False,periodic,periodic,False,166
240,173.69417665497235,133.89553413239778,0.01954564177480408,3.473883533099447,low,False,periodic,periodic,False,166
241,197.1721233724233,135.77376986979385,0.02083590995355772,3.943442467448466,low,False,periodic,periodic,False,166
242,147.26814825930106,131.78145186074408,0.018093357043940838,2.945362965186021,low,False,periodic,periodic,False,166
243,155.98864263827028,132.47909141106163,0.018572605784710004,3.1197728527654056,low,False,periodic,periodic,False,166
244,263.87741336084895,141.11019306886791,0.024501806041592793,5.277548267216979,low,False,periodic,periodic,False,166
245,161.37732256177907,132.91018580494233,0.018868749323771028,3.2275464512355816,low,False,periodic,periodic,False,166
246,167.09643264636082,133.36771461170886,0.019183052181756474,3.3419286529272165,low,False,periodic,periodic,False,166
247,255.1074058496394,140.40859246797115,0.024019836227310302,5.102148116992788,low,False,periodic,periodic,False,166
248,287.15201507721224,142.972161206177,0.02578089907000771,5.743040301544245,low,False,periodic,periodic,False,166
249,471.51546833262023,157.72123746660964,0.0359128880349445,9.430309366652406,high,True,periodic,periodic,False,166
250,557.6970580778632,164.61576464622905,0.04064913538148252,11.153941161557263,high,False,periodic,periodic,False,166
251,633.8463611664475,170.7077088933158,0.04483404234084775,12.676927223328951,high,False,periodic,periodic,False,166
252,782.6618484620049,182.6129478769604,0.05301243588070758,15.653236969240098,high,False,periodic,periodic,False,166
253,491.33149286246794,159.30651942899743,0.03700190941266403,9.826629857249358,high,False,periodic,periodic,False,166
254,570.8896544744575,165.6711723579566,0.04137415565393306,11.41779308948915,high,False,periodic,periodic,False,166
255,680.5979626992531,174.44783701594025,0.04740335150955423,13.611959253985063,high,False,periodic,periodic,False,166
256,643.8461798908305,171.50769439126645,0.045383598400781475,12.876923597816612,high,False,periodic,periodic,False,166
257,556.848766403678,164.54790131229424,0.04060251615337561,11.13697532807356,high,False,periodic,periodic,False,166
258,582.8467658396361,166.6277412671709,0.04203127786696015,11.65693531679272,high,False,periodic,periodic,False,166
259,449.7018912824453,155.9761513025956,0.034714087957946664,8.994037825648906,high,False,periodic,periodic,False,166
260,571.6517973011103,165.7321437840888,0.041416040434094206,11.433035946022205,high,False,periodic,periodic,False,166
261,568.6249679774916,165.48999743819934,0.041249696178960474,11.372499359549831,high,False,periodic,periodic,False,166
262,622.1112400362363,169.7688992028989,0.04418911995686106,12.442224800724725,high,False,periodic,periodic,False,166
263,537.6269132399956,163.01015305919964,0.03954614841507847,10.752538264799911,high,False,periodic,periodic,False,166
264,647.7912045610759,171.82329636488606,0.04560040355234237,12.955824091221519,high,False,periodic,periodic,False,166
265,705.849829765374,176.46798638122993,0.04879110832328425,14.11699659530748,high,False,periodic,periodic,False,166
266,613.8783530256809,169.11026824205447,0.043736668460278606,12.277567060513618,high,False,periodic,periodic,False,166
267,634.9407303595531,170.79525842876424,0.04489418515327789,12.69881460719106,high,False,periodic,periodic,False,166
268,602.906187840484,168.2324950272387,0.04313367554267541,12.05812375680968,high,False,periodic,periodic,False,166
269,597.2126255224282,167.77701004179426,0.042820776703132606,11.944252510448564,high,False,periodic,periodic,False,166
270,519.7933258856751,161.583466070854,0.03856607504864563,10.395866517713502,high,False,periodic,periodic,False,166
271,631.157733957942,170.49261871663538,0.044686284524825134,12.62315467915884,high,False,periodic,periodic,False,166
272,586.7664631447464,166.94131705157972,0.042246691112589975,11.735329262894927,high,False,periodic,periodic,False,166
273,821.7630189922245,185.74104151937797,0.05516130335597373,16.43526037984449,high,False,periodic,periodic,False,166
274,765.9963561904485,181.27970849523587,0.05209655705109635,15.319927123808972,high,False,periodic,periodic,False,166
275,638.5979918893155,171.08783935114525,0.04509517582039295,12.771959837786309,high,False,periodic,periodic,False,166
276,515.3412080020738,161.2272966401659,0.03832140177706856,10.306824160041476,high,False,periodic,periodic,False,166
277,477.8617565268495,158.22894052214795,0.036261658470824555,9.55723513053699,high,False,periodic,periodic,False,166
278,724.9918637407711,177.99934909926168,0.049843089470201066,14.499837274815421,high,False,periodic,periodic,False,166
279,625.3918547174236,170.0313483773939,0.044369411392940594,12.507837094348472,high,False,periodic,periodic,False,166
280,648.7143540656008,171.89714832524805,0.04565113671245451,12.974287081312017,high,False,periodic,periodic,False,166
281,410.04076043179236,152.80326083454338,0.03253444696609004,8.200815208635849,high,False,periodic,periodic,False,166
282,696.7010998617611,175.73608798894088,0.04828832521312967,13.934021997235222,high,False,periodic,periodic,False,166
283,645.9547301618051,171.67637841294442,0.04549947715928972,12.9190946032361,high,False,periodic,periodic,False,166
284,478.074259534789,158.2459407627831,0.036273336914102984,9.56148519069578,high,False,periodic,periodic,False,166
285,546.6174101351462,163.7293928108117,0.04004023557672851,10.932348202702924,high,False,periodic,periodic,False,166
286,625.4957015391838,170.0396561231347,0.044375118461416146,12.509914030783676,high,False,periodic,periodic,False,166
287,602.832318848673,168.22658550789384,0.04312961595387587,12.056646376973461,high,False,periodic,periodic,False,166
288,565.858839495031,165.26870715960249,0.041097679156253376,11.317176789900621,high,False,periodic,periodic,False,166
289,586.1011351327666,166.88809081062132,0.04221012694568806,11.72202270265533,high,False,periodic,periodic,False,166
290,570.1709147265025,165.6136731781202,0.041334656159503144,11.403418294530049,high,False,periodic,periodic,False,166
291,613.5707950923947,169.08566360739158,0.043719766121278605,12.271415901847895,high,False,periodic,periodic,False,166
292,755.0682893690006,180.40546314952005,0.051495987629728374,15.101365787380011,high,False,periodic,periodic,False,166
293,321.8471186958668,145.74776949566933,0.02768762407864895,6.4369423739173355,high,False,periodic,periodic,False,166
294,571.793782929284,165.74350263434272,0.04142384348178307,11.43587565858568,high,False,periodic,periodic,False,166
295,616.1401911445273,169.2912152915622,0.0438609713980679,12.322803822890545,high,False,periodic,periodic,False,166
296,628.9584221645133,170.31667377316106,0.04456541782143027,12.579168443290268,high,False,periodic,periodic,False,166
297,557.3038022580524,164.5843041806442,0.04062752337782147,11.146076045161049,high,False,periodic,periodic,False,166
298,408.73880706291027,152.69910456503283,0.03246289603268405,8.174776141258205,high,False,periodic,periodic,False,166
299,632.3916089665366,170.59132871732294,0.04475409410286484,12.647832179330734,high,False,periodic,periodic,False,166
300,782.5172933447489,182.60138346757992,0.05300449162262931,15.650345866894977,high,False,periodic,periodic,False,166
301,432.64773163673004,154.61181853093842,0.033776849290056886,8.652954632734602,high,False,periodic,periodic,False,166
302,689.8768366400774,175.1901469312062,0.04791328689379348,13.797536732801547,high,False,periodic,periodic,False,166
303,561.9587028007979,164.95669622406382,0.040883340895334755,11.239174056015958,high,False,periodic,periodic,False,166
304,590.6245683582222,167.24996546865776,0.042458719466139785,11.812491367164442,high,False,periodic,periodic,False,166
305,484.24643072492137,158.73971445799373,0.03661253847104869,9.684928614498427,high,False,periodic,periodic,False,166
306,561.3224182381784,164.90579345905428,0.040848372857726516,11.22644836476357,high,False,periodic,periodic,False,166
307,736.6750582309685,178.93400465847748,0.05048515814248776,14.73350116461937,high,False,periodic,periodic,False,166
308,659.7120372057135,172.77696297645707,0.046255532010155545,13.19424074411427,high,False,periodic,periodic,False,166
309,783.0495617110394,182.64396493688315,0.053033743283511195,15.660991234220786,high,False,periodic,periodic,False,166
310,723.5187666396038,177.8815013311683,0.04976213305877699,14.470375332792077,high,False,periodic,periodic,False,166
311,644.3097033190327,171.54477626552261,0.04540907207344602,12.886194066380655,high,False,periodic,periodic,False,166
312,784.2964928109789,182.7437194248783,0.05310227037996952,15.685929856219577,high,False,periodic,periodic,False,166
313,644.2996702785082,171.54397362228065,0.04540852069162883,12.885993405570165,high,False,periodic,periodic,False,166
314,686.0318644355992,174.88254915484794,0.047701980285795136,13.720637288711984,high,False,periodic,periodic,False,166
315,565.3868232668568,165.23094586134854,0.04107173874815901,11.307736465337136,high,False,periodic,periodic,False,166
316,604.3427451130163,168.3474196090413,0.043212623849271915,12.086854902260328,high,False,periodic,periodic,False,166
317,522.3824941292614,161.7905995303409,0.03870836693789571,10.447649882585228,high,False,periodic,periodic,False,166
318,703.3681932478132,176.26945545982505,0.04865472601232766,14.067363864956265,high,False,periodic,periodic,False,166
319,470.7927095807763,157.6634167664621,0.03587316766971654,9.415854191615527,high,False,periodic,periodic,False,166
320,681.1357426941571,174.49085941553255,0.047432906070817425,13.622714853883142,high,False,periodic,periodic,False,166
321,576.7501298928979,166.14001039143184,0.041696227470339436,11.53500259785796,high,False,periodic,periodic,False,166
322,722.85739456224,177.8285915649792,0.0497257862966002,14.457147891244798,high,False,periodic,periodic,False,166
323,677.7583576291111,174.2206686103289,0.04724729646324524,13.55516715258222,high,False,periodic,periodic,False,166
324,792.5262760996318,183.40210208797055,0.05355455130654197,15.850525521992637,high,False,periodic,periodic,False,166
325,675.6025996125426,174.0482079690034,0.047128823327440575,13.51205199225085,high,False,periodic,periodic,False,166
326,428.5518251657256,154.28414601325804,0.033551752187389046,8.571036503314511,high,False,periodic,periodic,False,166
327,590.0206960893504,167.20165568714805,0.04242553269806616,11.800413921787008,high,False,periodic,periodic,False,166
328,471.4682037356132,157.71745629884907,0.03591029053328758,9.429364074712264,high,False,periodic,periodic,False,166
329,541.6014327977322,163.32811462381858,0.03976457450543882,10.832028655954645,high,False,periodic,periodic,False,166
330,759.3312994300157,180.74650395440125,0.051730268177922395,15.186625988600316,high,False,periodic,periodic,False,166
331,665.5995241566878,173.24796193253502,0.04657908828861081,13.311990483133757,high,False,periodic,periodic,False,166
332,179.0320871426376,134.32256697141102,0.019838995198174385,3.5806417428527517,low,True,periodic,periodic,False,166
333,169.58847900678802,133.56707832054303,0.019320006582306672,3.3917695801357604,low,False,periodic,periodic,False,166
334,200.98346278628782,136.07867702290304,0.021045368217660676,4.0196692557257565,low,False,periodic,periodic,False,166
335,163.50319551856617,133.08025564148528,0.018985580078232894,3.2700639103713236,low,False,periodic,periodic,False,166
336,179.86579167810257,134.3892633342482,0.019884812766701086,3.5973158335620514,low,False,periodic,periodic,False,166
337,209.3602841465373,136.74882273172298,0.021505729857045432,4.187205682930746,low,False,periodic,periodic,False,166
338,234.65936108320088,138.77274888665607,0.02289608116485184,4.693187221664018,low,False,periodic,periodic,False,166
339,218.2628441667332,137.46102753333867,0.02199498430683789,4.365256883334664,low,False,periodic,periodic,False,166
340,131.26131474205698,130.50090517936457,0.01721367586149076,2.6252262948411396,low,False,periodic,periodic,False,166
341,209.1310018709078,136.73048014967262,0.021493129282226974,4.182620037418157,low,False,periodic,periodic,False,166
342,202.16100719697735,136.1728805757582,0.021110082057438348,4.043220143939547,low,False,periodic,periodic,False,166
343,212.4167085611808,136.99333668489447,0.021673700557824346,4.248334171223616,low,False,periodic,periodic,False,166
344,248.48629044953623,139.8789032359629,0.023655962221997104,4.969725808990725,low,False,periodic,periodic,False,166
345,138.1028516958577,131.0482281356686,0.017589663486451797,2.7620570339171544,low,False,periodic,periodic,False,166
346,182.26689724426683,134.58135177954134,0.02001676937019517,3.6453379448853367,low,False,periodic,periodic,False,166
347,217.72718968380065,137.41817517470406,0.021965546556490627,4.3545437936760125,low,False,periodic,periodic,False,166
348,152.55216801638173,132.20417344131053,0.01838374881586692,3.0510433603276343,low,False,periodic,periodic,False,166
349,244.27847144160526,139.54227771532842,0.02342471478655367,4.885569428832105,low,False,periodic,periodic,False,166
350,211.05069838101974,136.88405587048157,0.021598629279721254,4.221013967620395,low,False,periodic,periodic,False,166
351,225.3975195753021,138.03180156602417,0.022387081825253764,4.507950391506042,low,False,periodic,periodic,False,166
352,182.87169015434617,134.6297352123477,0.020050006733581434,3.6574338030869233,low,False,periodic,periodic,False,166
353,224.4129106989863,137.9530328559189,0.022332971066893262,4.4882582139797265,low,False,periodic,periodic,False,166
354,232.05414667967113,138.5643317343737,0.022752907433172546,4.641082933593423,low,False,periodic,periodic,False,166
355,206.98634060411504,136.5589072483292,0.021375265986085693,4.1397268120823005,low,False,periodic,periodic,False,166
356,207.03202678096088,136.56256214247688,0.02137777674313368,4.140640535619218,low,False,periodic,periodic,False,166
357,208.1102971784518,136.64882377427614,0.02143703482045696,4.1622059435690355,low,False,periodic,periodic,False,166
358,174.09964205781856,133.92797136462548,0.019567924775663312,3.481992841156371,low,False,periodic,periodic,False,166
359,195.5741395927894,135.64593116742316,0.02074809019462226,3.911482791855788,low,False,periodic,periodic,False,166
360,195.42432402642925,135.63394592211435,0.02073985684013506,3.908486480528585,low,False,periodic,periodic,False,166
361,211.50181593060486,136.9201452744484,0.021623421167449423,4.230036318612098,low,False,periodic,periodic,False,166
362,229.99472740730883,138.3995781925847,0.02263972874741184,4.599894548146176,low,False,periodic,periodic,False,166
363,168.24391754064771,133.4595134032518,0.019246114052648207,3.364878350812954,low,False,periodic,periodic,False,166
364,196.24972909041267,135.69997832723303,0.02078521829790889,3.9249945818082534,low,False,periodic,periodic,False,166
365,244.4436664297692,139.55549331438152,0.023433793341807358,4.888873328595384,low,False,periodic,periodic,False,166
366,177.69235313562308,134.21538825084986,0.01976536796926684,3.553847062712462,low,False,periodic,periodic,False,166
367,175.3324994812904,134.02659995850323,0.0196356784306822,3.5066499896258083,low,False,periodic,periodic,False,166
368,206.0691857549358,136.48553486039486,0.021324862271862848,4.121383715098716,low,False,periodic,periodic,False,166
369,225.3315557145596,138.02652445716478,0.022383456675597872,4.506631114291192,low,False,periodic,periodic,False,166
370,200.34278166681977,136.02742253334557,0.02101015856022656,4.006855633336396,low,False,periodic,periodic,False,166
371,239.86881771310968,139.18950541704876,0.023182375200657468,4.797376354262194,low,False,periodic,periodic,False,166
372,225.70381947699582,138.05630555815966,0.022403915027111955,4.514076389539916,low,False,periodic,periodic,False,166
373,225.25460200670184,138.02036816053615,0.022379227561285582,4.505092040134037,low,False,periodic,periodic,False,166
374,216.6234950397228,137.32987960317783,0.02190489124896086,4.3324699007944565,low,False,periodic,periodic,False,166
375,269.82959301038255,141.5863674408306,0.024828917610949484,5.396591860207651,low,False,periodic,periodic,False,166
376,193.84514933401869,135.50761194672148,0.0206530707647243,3.8769029866803737,low,False,periodic,periodic,False,166
377,139.89433123800458,131.19154649904036,0.017688117115039433,2.7978866247600918,low,False,periodic,periodic,False,166
378,248.12763084551423,139.85021046764115,0.023636251508805557,4.962552616910284,low,False,periodic,periodic,False,166
379,186.26901707129522,134.90152136570362,0.02023671227757623,3.725380341425905,low,False,periodic,periodic,False,166
380,203.236413330291,136.25891306642328,0.02116918272453458,4.06472826660582,low,False,periodic,periodic,False,166
381,239.28652054581582,139.14292164366526,0.02315037412685917,4.785730410916316,low,False,periodic,periodic,False,166
382,151.93221376823223,132.15457710145859,0.018349678236855176,3.0386442753646445,low,False,periodic,periodic,False,166
383,162.4505835768158,132.99604668614526,0.01892773210245539,3.2490116715363158,low,False,periodic,periodic,False,166
384,151.9616618864344,132.15693295091475,0.018351296605373418,3.039233237728688,low,False,periodic,periodic,False,166
385,176.17591129923727,134.09407290393898,0.01968202947847092,3.5235182259847453,low,False,periodic,periodic,False,166
386,213.1890981805098,137.0551278544408,0.021716148466894653,4.263781963610196,low,False,periodic,periodic,False,166
387,215.72563528438312,137.25805082275065,0.021855547927535003,4.314512705687662,low,False,periodic,periodic,False,166
388,208.2882253798566,136.66305803038853,0.021446813149845742,4.165764507597132,low,False,periodic,periodic,False,166
389,157.617023483229,132.60936187865832,0.018662096063073254,3.1523404696645803,low,False,periodic,periodic,False,166
390,130.6968969010207,130.45575175208165,0.017182657374713604,2.613937938020414,low,False,periodic,periodic,False,166
391,201.63060756171146,136.13044860493693,0.021080933095664046,4.032612151234229,low,False,periodic,periodic,False,166
392,185.84671899084992,134.867737519268,0.020213504209949842,3.716934379816998,low,False,periodic,periodic,False,166
393,213.78157315149835,137.10252585211987,0.021748708878202096,4.275631463029967,low,False,periodic,periodic,False,166
394,221.0586087866381,137.68468870293106,0.022148630030961937,4.421172175732762,low,False,periodic,periodic,False,166
395,204.14724296176047,136.33177943694085,0.02121923882628378,4.08294485923521,low,False,periodic,periodic,False,166
396,222.8039925612756,137.82431940490204,0.02224455039279042,4.456079851225512,low,False,periodic,periodic,False,166
397,206.87634122345204,136.55010729787617,0.021369220793877867,4.137526824469041,low,False,periodic,periodic,False,166
398,215.901941168044,137.27215529344352,0.021865237099852858,4.3180388233608795,low,False,periodic,periodic,False,166
399,178.85980211390353,134.30878416911227,0.019829526998381343,3.5771960422780706,low,False,periodic,periodic,False,166
400,194.61165758505624,135.5689326068045,0.02069519545377689,3.8922331517011246,low,False,periodic,periodic,False,166
401,205.90328289970873,136.4722626319767,0.021315744814640547,4.118065657994174,low,False,periodic,periodic,False,166
402,224.61585426252256,137.9692683410018,0.022344124155588153,4.492317085250451,low,False,periodic,periodic,False,166
403,188.18776483326283,135.05502118666104,0.02034216013509613,3.763755296665257,low,False,periodic,periodic,False,166
404,215.63501767196337,137.25080141375707,0.021850567891454894,4.312700353439268,low,False,periodic,periodic,False,166
405,192.02483624253864,135.3619868994031,0.020553032542235297,3.8404967248507726,low,False,periodic,periodic,False,166
406,196.47373498015608,135.71789879841248,0.020797528900487028,3.9294746996031216,low,False,periodic,periodic,False,166
407,224.8855712607222,137.9908457008578,0.02235894688537088,4.497711425214444,low,False,periodic,periodic,False,166
408,140.20818886837532,131.21665510947003,0.017705365663986238,2.8041637773675063,low,False,periodic,periodic,False,166
409,161.10583015775717,132.88846641262057,0.018853829023716746,3.222116603155143,low,False,periodic,periodic,False,166
410,155.5344380767154,132.44275504613722,0.018547644245292958,3.1106887615343077,low,False,periodic,periodic,False,166
411,129.99151640455085,130.39932131236407,0.017143892059353554,2.599830328091017,low,False,periodic,periodic,False,166
412,179.6520667953447,134.3721653436276,0.019873067173334293,3.593041335906894,low,False,periodic,periodic,False,166
413,222.48301699183222,137.7986413593466,0.022226910666097353,4.449660339836644,low,False,periodic,periodic,False,166
414,191.45347800852275,135.3162782406818,0.020521632635041892,3.8290695601704545,low,False,periodic,periodic,False,166
415,618.4229028011506,169.47383222409206,0.04398642147456976,12.36845805602301,high,True,periodic,periodic,False,166
416,714.0570889039444,177.12456711231556,0.049242151399100216,14.281141778078887,high,False,periodic,periodic,False,166
417,739.6404998409292,179.17123998727433,0.05064812873746063,14.792809996818585,high,False,periodic,periodic,False,166
418,589.7863102988961,167.18290482391168,0.04241265165141354,11.795726205977921,high,False,periodic,periodic,False,166
419,742.419079643134,179.39352637145072,0.050800830042394066,14.848381592862678,high,False,periodic,periodic,False,166
420,607.0871110803888,168.5669688864311,0.04336344487809396,12.141742221607776,high,False,periodic,periodic,False,166
421,507.365749470232,160.58925995761857,0.03788309767499153,10.14731498940464,high,False,periodic,periodic,False,166
422,533.4350662681095,162.67480530144877,0.03931577874846664,10.66870132536219,high,False,periodic,periodic,False,166
423,438.3685369367784,155.06948295494226,0.03409124531132442,8.767370738735568,high,False,periodic,periodic,False,166
424,501.92272562768085,160.15381805021445,0.037583967578788485,10.038454512553617,high,False,periodic,periodic,False,166
425,558.794797135691,164.7035837708553,0.04070946339022775,11.17589594271382,high,False,periodic,periodic,False,166
426,683.4138429799124,174.673107438393,0.047558102722044804,13.668276859598247,high,False,periodic,periodic,False,166
427,781.8113361777923,182.5449068942234,0.05296569461541871,15.636226723555847,high,False,periodic,periodic,False,166
428,448.920265489633,155.91362123917065,0.03467113246016418,8.97840530979266,high,False,periodic,periodic,False,166
429,639.3469190374913,171.1477535229993,0.04513633431176893,12.786938380749827,high,False,periodic,periodic,False,166
430,485.57185484237044,158.84574838738962,0.03668537927704754,9.711437096847408,high,False,periodic,periodic,False,166
431,648.130062078605,171.8504049662884,0.04561902601014335,12.9626012415721,high,False,periodic,periodic,False,166
432,583.1403232752243,166.65122586201795,0.04204741078617725,11.662806465504486,high,False,periodic,periodic,False,166
433,400.7801886809048,152.06241509447239,0.032025517408022945,8.015603773618096,high,False,periodic,periodic,False,166
434,696.7932026002861,175.7434562080229,0.0482933868666944,13.935864052005723,high,False,periodic,periodic,False,166
435,532.297837546469,162.58382700371752,0.03925328052197536,10.64595675092938,high,False,periodic,periodic,False,166
436,539.9256442433194,163.19405153946556,0.039672478860444824,10.798512884866389,high,False,periodic,periodic,False,166
437,482.43830923519516,158.5950647388156,0.03651317025756773,9.648766184703904,high,False,periodic,periodic,False,166
438,527.010701647881,162.16085613183049,0.03896271749749999,10.54021403295762,high,False,periodic,periodic,False,166
439,643.1085476071431,171.44868380857145,0.04534306063678034,12.862170952142863,high,False,periodic,periodic,False,166
440,576.9010453705927,166.15208362964742,0.04170452127221634,11.538020907411854,high,False,periodic,periodic,False,166
441,632.4631144640708,170.59704915712567,0.04475802380204956,12.649262289281415,high,False,periodic,periodic,False,166
442,636.0313004872974,170.8825040389838,0.04495411918198415,12.720626009745947,high,False,periodic,periodic,False,166
443,738.886899374248,179.11095194993985,0.050606713416378485,14.77773798748496,high,False,periodic,periodic,False,166
444,560.4287608279216,164.83430086623372,0.04079926048290778,11.208575216558431,high,False,periodic,periodic,False,166
445,438.7631950605975,155.1010556048478,0.03411293438084905,8.77526390121195,high,False,periodic,periodic,False,166
446,711.6974109845863,176.9357928787669,0.04911247151831267,14.233948219691728,high,False,periodic,periodic,False,166
447,561.6408314756261,164.93126651805008,0.04086587176735933,11.232816629512522,high,False,periodic,periodic,False,166
448,716.7793660590066,177.34234928472054,0.04939175850185056,14.335587321180132,high,False,periodic,periodic,False,166
449,638.3330652999456,171.06664522399564,0.04508061635520277,12.76666130599891,high,False,periodic,periodic,False,166
450,583.1348648150235,166.6507891852019,0.042047110807751246,11.662697296300472,high,False,periodic,periodic,False,166
451,634.6209745840567,170.76967796672454,0.04487661246231557,12.692419491681134,high,False,periodic,periodic,False,166
452,806.5122547555694,184.52098038044556,0.054323173172229684,16.13024509511139,high,False,periodic,periodic,False,166
453,820.0263603168412,185.6021088253473,0.05506586249595432,16.400527206336825,high,False,periodic,periodic,False,166
454,604.6469240585787,168.3717539246863,0.043229340490587666,12.092938481171576,high,False,periodic,periodic,False,166
455,614.3891515019,169.151132120152,0.043764740208952074,12.287783030038,high,False,periodic,periodic,False,166
456,712.6648529732822,177.01318823786258,0.04916563884285884,14.253297059465645,high,False,periodic,periodic,False,166
457,506.47929815092454,160.51834385207397,0.03783438132244668,10.12958596301849,high,False,periodic,periodic,False,166
458,632.9360535975511,170.63488428780408,0.04478401492988372,12.658721071951023,high,False,periodic,periodic,False,166
459,594.4289515655075,167.5543161252406,0.04266779544076479,11.888579031310151,high,False,periodic,periodic,False,166
460,630.8802971150683,170.47042376920547,0.044671037538609445,12.617605942301365,high,False,periodic,periodic,False,166
461,507.79803379630454,160.62384270370436,0.03790685455274655,10.15596067592609,high,False,periodic,periodic,False,166
462,426.67146667543807,154.13371733403505,0.03344841407380248,8.533429333508762,high,False,periodic,periodic,False,166
463,374.8095994481193,149.98476795584955,0.030598262066070997,7.496191988962386,high,False,periodic,periodic,False,166
464,477.32828126287455,158.18626250102997,0.0362323404829467,9.546565625257491,high,False,periodic,periodic,False,166
465,547.9959336209095,163.83967468967276,0.04011599454359007,10.95991867241819,high,False,periodic,periodic,False,166
466,565.7493687712085,165.25994950169667,0.041091663017229246,11.31498737542417,high,False,periodic,periodic,False,166
467,805.0337577627073,184.40270062101658,0.05424192000110569,16.100675155254144,high,False,periodic,periodic,False,166
468,715.8568394531547,177.2685471562524,0.04934105957413302,14.317136789063095,high,False,periodic,periodic,False,166
469,493.988436757131,159.51907494057048,0.03714792602141071,9.87976873514262,high,False,periodic,periodic,False,166
470,634.5064572307747,170.760516578462,0.04487031897768366,12.690129144615495,high,False,periodic,periodic,False,166
471,553.5313722504193,164.28250978003354,0.04042020344247949,11.070627445008386,high,False,periodic,periodic,False,166
472,566.696427992546,165.33571423940367,0.0411437101741375,11.33392855985092,high,False,periodic,periodic,False,166
473,617.0856925693886,169.3668554055511,0.043912932943774866,12.341713851387771,high,False,periodic,periodic,False,166
474,663.6295361814254,173.09036289451404,0.04647082444307107,13.272590723628507,high,False,periodic,periodic,False,166
475,560.8072162746797,164.86457730197438,0.04082005910835423,11.216144325493595,high,False,periodic,periodic,False,166
476,711.3357755592928,176.90686204474343,0.04909259726409523,14.226715511185855,high,False,periodic,periodic,False,166
477,474.69406496221006,157.9755251969768,0.036087572905542875,9.493881299244201,high,False,periodic,periodic,False,166
478,597.8836394436406,167.83069115549125,0.042857653348286485,11.957672788872813,high,False,periodic,periodic,False,166
479,875.8874089352587,190.0709927148207,0.058135795924612314,17.517748178705173,high,False,periodic,periodic,False,166
480,621.1360301699133,169.69088241359307,0.04413552573615402,12.422720603398266,high,False,periodic,periodic,False,166
481,750.9618032060804,180.07694425648643,0.05127030910314028,15.019236064121607,high,False,periodic,periodic,False,166
482,607.0220466172842,168.56176372938273,0.04335986915627629,12.140440932345685,high,False,periodic,periodic,False,166
483,659.5105457280731,172.76084365824585,0.046244458723167625,13.190210914561462,high,False,periodic,periodic,False,166
484,591.111752524169,167.2889402019335,0.04248549345255686,11.82223505048338,high,False,periodic,periodic,False,166
485,578.9218921156922,166.31375136925539,0.041815580142939554,11.578437842313845,high,False,periodic,periodic,False,166
486,513.5790797937218,161.08632638349775,0.038224561198056985,10.271581595874437,high,False,periodic,periodic,False,166
487,643.3671959300324,171.46937567440258,0.045357275069776895,12.86734391860065,high,False,periodic,periodic,False,166
488,505.8488918753512,160.4679113500281,0.03779973633552138,10.116977837507024,high,False,periodic,periodic,False,166
489,668.6089393869253,173.48871515095402,0.046744475524341515,13.372178787738505,high,False,periodic,periodic,False,166
490,713.6354175232939,177.0908334018635,0.04921897777276516,14.272708350465876,high,False,periodic,periodic,False,166
491,636.5258229482868,170.92206583586295,0.044981296456162875,12.730516458965734,high,False,periodic,periodic,False,166
492,566.4942124834238,165.3195369986739,0.04113259709683944,11.329884249668476,high,False,periodic,periodic,False,166
493,645.9059426810793,171.67247541448634,0.04549679596511803,12.918118853621586,high,False,periodic,periodic,False,166
494,564.0884846059101,165.1270787684728,0.04100038646681917,11.281769692118203,high,False,periodic,periodic,False,166
495,697.5710120358682,175.80568096286947,0.04833613263045064,13.951420240717363,high,False,periodic,periodic,False,166
496,400.72651992332203,152.05812159386576,0.03202256795546069,8.01453039846644,high,False,periodic,periodic,False,166
497,561.1989155637111,164.8959132450969,0.040841585570372395,11.223978311274223,high,False,periodic,periodic,False,166
